id,name,model_id:id,group_id/id,operation,domain
access_account_cutoff_mapping,Full access on account.cutoff.mapping,model_account_cutoff_mapping,account.group_account_manager,crud,
access_account_cutoff_mapping_user,Read access on account.cutoff.mapping,model_account_cutoff_mapping,account.group_account_user,r,
access_account_cutoff_mapping_readonly,Read access on account.cutoff.mapping to Auditor,model_account_cutoff_mapping,account.group_account_readonly,r,
access_account_cutoff,Full access on account.cutoff to accountant,model_account_cutoff,account.group_account_user,crud,
access_account_cutoff_line,Full access on account.cutoff.line to accountant,model_account_cutoff_line,account.group_account_user,crud,
access_account_cutoff_tax_line,Full access on account.cutoff.tax.line to accountant,model_account_cutoff_tax_line,account.group_account_user,crud,
access_account_cutoff_readonly,Readonly access on account.cutoff to auditor,model_account_cutoff,account.group_account_readonly,r,
access_account_cutoff_line_readonly,Readonly access on account.cutoff.line to auditor,model_account_cutoff_line,account.group_account_readonly,r,
access_account_cutoff_tax_line_readonly,Readonly access on account.cutoff.tax.line to accountant,model_account_cutoff_tax_line,account.group_account_readonly,r,
account_cutoff_multi_company_rule,Account Cutoff Multi-Company,model_account_cutoff,,crud,"[('company_id', 'in', company_ids)]"
account_cutoff_line_multi_company_rule,Account Cutoff Line Multi-Company,model_account_cutoff_line,,crud,"[('company_id', 'in', company_ids)]"
account_cutoff_tax_line_multi_company_rule,Account Cutoff Tax Line Multi-Company,model_account_cutoff_tax_line,,crud,"[('company_id', 'in', company_ids)]"
account_cutoff_mapping_multi_company_rule,Account Cutoff Mapping Multi-Company,model_account_cutoff_mapping,,crud,"[('company_id', 'in', company_ids)]"
